City_ID,City,Country,Lat,Lng,Max Temp,Humidity,Cloudiness,Wind Speed,Current Description
0,Kapaa,US,22.0752,-159.319,84.18,72,0,16.11,clear sky
1,Cape Town,ZA,-33.9258,18.4232,65.26,84,20,8.05,few clouds
2,Butaritari,KI,3.0707,172.7902,81.41,76,16,13.65,few clouds
3,Eenhana,NA,-17.4667,16.3333,77.41,39,67,5.59,broken clouds
4,Puerto Ayora,EC,-0.7393,-90.3518,70.56,88,58,5.99,broken clouds
5,Punta Arenas,CL,-53.15,-70.9167,51.91,46,40,37.98,scattered clouds
6,Kodiak,US,57.79,-152.4072,24.31,68,0,0.0,clear sky
7,Peniche,PT,39.3558,-9.3811,51.3,96,86,15.55,overcast clouds
8,Jamestown,US,42.097,-79.2353,31.71,83,100,23.02,overcast clouds
9,Tasiilaq,GL,65.6145,-37.6368,37.56,94,100,23.53,light rain
10,Broome,US,42.2506,-75.833,39.85,77,75,13.8,broken clouds
11,Puerto Maldonado,PE,-12.6,-69.1833,79.2,78,0,5.75,clear sky
12,Cidreira,BR,-30.1811,-50.2056,70.59,93,99,15.79,moderate rain
13,Chokurdakh,RU,70.6333,147.9167,0.03,97,100,9.95,light snow
14,Maarianhamina,AX,60.0973,19.9348,37.26,93,100,6.91,overcast clouds
15,Bredasdorp,ZA,-34.5322,20.0403,62.94,80,76,2.68,broken clouds
16,Eau Claire,US,44.8114,-91.4985,18.61,69,0,11.01,clear sky
17,Barrow,US,71.2906,-156.7887,28.42,93,100,8.05,overcast clouds
18,Rikitea,PF,-23.1203,-134.9692,73.13,71,82,12.88,broken clouds
19,Sorong,ID,-0.8833,131.25,77.9,89,100,8.19,overcast clouds
20,Mar Del Plata,AR,-38.0023,-57.5575,64.09,97,100,16.11,moderate rain
21,Ushuaia,AR,-54.8,-68.3,47.86,61,20,21.85,few clouds
22,Salinopolis,BR,-0.6136,-47.3561,78.87,80,75,7.56,broken clouds
23,Albany,US,42.6001,-73.9662,46.94,79,100,4.0,overcast clouds
24,Port Alfred,ZA,-33.5906,26.891,65.17,94,100,1.01,overcast clouds
25,Balkanabat,TM,39.5108,54.3671,46.85,25,100,3.49,overcast clouds
26,Komsomolskiy,UZ,40.4272,71.7189,48.92,66,40,13.8,scattered clouds
27,Tigil,RU,57.8,158.6667,24.49,92,100,6.64,overcast clouds
28,Atuona,PF,-9.8,-139.0333,77.95,74,65,13.2,light rain
29,Dunedin,NZ,-45.8742,170.5036,61.81,59,25,4.0,scattered clouds
30,Qaanaaq,GL,77.484,-69.3632,-23.01,80,16,3.91,few clouds
31,East London,ZA,-33.0153,27.9116,70.83,92,100,3.33,overcast clouds
32,Barreirinhas,BR,-2.7469,-42.8264,78.33,79,39,6.85,scattered clouds
33,Mount Isa,AU,-20.7333,139.5,82.17,34,0,11.5,clear sky
34,Muisne,EC,0.6,-80.0333,75.52,79,80,9.73,broken clouds
35,Saint-Augustin,CA,51.226,-58.6502,4.05,94,87,1.48,overcast clouds
36,Saint-Philippe,RE,-21.3585,55.7679,74.79,78,25,8.03,scattered clouds
37,Sur,OM,22.5667,59.5289,72.82,56,62,1.77,broken clouds
38,Kruisfontein,ZA,-34.0033,24.7314,63.88,78,15,2.3,few clouds
39,Tyup,KG,42.7276,78.3648,29.84,82,45,0.81,scattered clouds
40,Bambous Virieux,MU,-20.3428,57.7575,72.21,88,40,4.61,light rain
41,Kyrylivka,UA,46.3759,35.3675,40.03,73,88,25.19,overcast clouds
42,Wamba,NG,8.9333,8.6,72.23,34,94,4.21,overcast clouds
43,Klaksvik,FO,62.2266,-6.589,49.12,97,100,31.88,light rain
44,Lebu,CL,-37.6167,-73.65,53.35,74,0,21.81,clear sky
45,Luanda,AO,-8.8368,13.2343,77.0,88,75,4.61,broken clouds
46,Yellowknife,CA,62.456,-114.3525,-17.45,83,20,4.61,few clouds
47,Susangerd,IR,31.5608,48.1831,69.82,77,49,3.15,scattered clouds
48,Harrisburg,US,40.2737,-76.8844,46.94,56,20,23.02,few clouds
49,Rawson,AR,-43.3002,-65.1023,61.92,52,16,21.74,few clouds
50,Hasaki,JP,35.7333,140.8333,52.2,75,100,20.76,overcast clouds
51,Mataura,NZ,-46.1927,168.8643,50.49,80,77,9.78,broken clouds
52,Chapais,CA,49.7834,-74.8492,26.38,99,100,11.74,light snow
53,Ca Mau,VN,9.1769,105.15,77.36,89,100,8.72,overcast clouds
54,Touros,BR,-5.1989,-35.4608,78.91,69,100,11.54,overcast clouds
55,Kushiro,JP,42.975,144.3747,27.55,43,20,9.22,few clouds
56,Bluff,NZ,-46.6,168.3333,50.81,63,81,19.19,broken clouds
57,Anadyr,RU,64.75,177.4833,28.9,86,96,22.37,overcast clouds
58,Coahuayana,MX,18.7333,-103.6833,78.96,81,25,3.31,scattered clouds
59,Hobart,AU,-42.8794,147.3294,59.05,56,75,14.97,broken clouds
60,Los Llanos De Aridane,ES,28.6585,-17.9182,65.95,71,100,9.22,overcast clouds
61,Provideniya,RU,64.3833,-173.3,28.51,74,0,6.71,clear sky
62,Dikson,RU,73.5069,80.5464,22.46,95,100,12.12,overcast clouds
63,Morant Bay,JM,17.8815,-76.4093,85.62,83,17,11.92,light rain
64,Vaini,TO,-21.2,-175.2,82.56,78,75,11.5,broken clouds
65,Yumen,CN,40.2833,97.2,7.2,77,77,1.21,broken clouds
66,Korla,CN,41.7597,86.1469,14.05,21,51,4.74,broken clouds
67,Shimanovsk,RU,52.0,127.7,-11.74,82,8,7.72,clear sky
68,Hermanus,ZA,-34.4187,19.2345,61.81,82,74,2.15,broken clouds
69,Denizli,TR,37.8402,29.0698,53.22,86,63,3.09,broken clouds
70,Shevchenko,UA,48.5,35.0,31.91,42,98,11.7,overcast clouds
71,Lorengau,PG,-2.0226,147.2712,85.37,67,94,5.17,overcast clouds
72,Waingapu,ID,-9.6567,120.2641,79.56,78,100,4.5,overcast clouds
73,Souillac,MU,-20.5167,57.5167,70.18,88,40,4.61,light rain
74,Severo-Kurilsk,RU,50.6789,156.125,30.4,87,66,15.97,snow
75,Cherskiy,RU,68.75,161.3,7.12,96,100,6.22,light snow
76,Nayoro,JP,44.3506,142.4578,18.68,89,100,15.7,snow
77,Sinnamary,GF,5.3833,-52.95,76.66,88,76,9.62,broken clouds
78,Aanekoski,FI,62.6946,25.818,28.47,100,94,2.51,overcast clouds
79,Kavaratti,IN,10.5669,72.642,80.87,74,6,3.42,clear sky
80,Faanui,PF,-16.4833,-151.75,80.51,76,15,14.27,few clouds
81,Sangre Grande,TT,10.5835,-61.1177,78.76,87,2,5.1,clear sky
82,Santa Isabel Do Rio Negro,BR,-0.4139,-65.0192,75.2,94,98,2.44,overcast clouds
83,Vila Franca Do Campo,PT,37.7167,-25.4333,61.2,86,37,4.43,scattered clouds
84,Pacific Grove,US,36.6177,-121.9166,58.39,58,0,5.75,clear sky
85,Shenjiamen,CN,29.9576,122.298,48.65,88,100,20.02,overcast clouds
86,Haines Junction,CA,60.7522,-137.5108,-16.65,76,99,0.0,overcast clouds
87,Geraldton,AU,-28.7667,114.6,68.41,68,100,6.91,overcast clouds
88,Kamien Pomorski,PL,53.9685,14.7726,33.96,82,85,7.94,overcast clouds
89,Longyearbyen,SJ,78.2186,15.6401,35.44,75,75,16.11,broken clouds
90,Busselton,AU,-33.65,115.3333,62.92,76,100,9.75,overcast clouds
91,Vila Velha,BR,-20.3297,-40.2925,76.95,94,100,8.05,overcast clouds
92,Ancud,CL,-41.8697,-73.8203,52.23,67,16,2.71,few clouds
93,Muros,ES,42.7762,-9.0603,48.09,92,95,5.84,overcast clouds
94,Plettenberg Bay,ZA,-34.0527,23.3716,63.46,80,6,4.09,clear sky
95,Lincoln,US,40.8,-96.667,30.11,49,0,3.44,clear sky
96,Kavieng,PG,-2.5744,150.7967,84.38,67,35,3.24,scattered clouds
97,Noshiro,JP,40.2039,140.0242,32.83,81,100,18.54,light snow
98,Alyangula,AU,-13.8483,136.4192,86.88,57,97,9.66,overcast clouds
99,Fortuna,US,40.5982,-124.1573,53.94,77,100,19.57,overcast clouds
100,Pershotravneve,UA,51.3929,28.8684,11.39,95,30,3.76,scattered clouds
101,San Patricio,US,28.017,-97.5169,62.69,53,4,12.19,clear sky
102,Ponta Do Sol,PT,32.6667,-17.1,68.72,79,20,5.86,few clouds
103,Tuktoyaktuk,CA,69.4541,-133.0374,1.4,92,100,11.5,light snow
104,Broken Hill,AU,-31.95,141.4333,71.28,36,40,17.22,scattered clouds
105,Arraial Do Cabo,BR,-22.9661,-42.0278,73.36,88,100,14.97,overcast clouds
106,Sitka,US,57.0531,-135.33,28.29,37,0,12.66,clear sky
107,Parana,AR,-31.732,-60.5238,81.55,64,99,13.94,overcast clouds
108,Port Elizabeth,ZA,-33.918,25.5701,66.09,90,0,9.22,clear sky
109,Pevek,RU,69.7008,170.3133,7.43,88,100,1.86,overcast clouds
110,Sobolevo,RU,54.4299,31.8996,18.37,88,100,7.38,overcast clouds
111,Saskylakh,RU,71.9167,114.0833,-27.26,99,100,8.28,overcast clouds
112,Nikolskoye,RU,59.7035,30.7861,24.69,91,98,3.31,overcast clouds
113,Tomatlan,MX,19.9333,-105.25,76.06,74,12,3.18,few clouds
114,Joigny,FR,47.9829,3.401,38.8,85,100,10.92,overcast clouds
115,Dutlwe,BW,-23.9833,23.9,74.17,27,13,6.55,few clouds
116,Hurghada,EG,27.2574,33.8129,64.44,68,0,5.75,clear sky
117,Hilo,US,19.7297,-155.09,87.28,80,75,8.05,broken clouds
118,Lagoa,PT,39.05,-27.9833,61.7,75,2,5.97,clear sky
119,Richards Bay,ZA,-28.783,32.0377,65.89,90,16,7.18,few clouds
120,Cabo San Lucas,MX,22.8909,-109.9124,80.62,63,0,6.91,clear sky
121,Mercedes,AR,-34.6515,-59.4307,71.64,91,100,12.3,overcast clouds
122,Meulaboh,ID,4.1363,96.1285,75.42,88,100,3.36,overcast clouds
123,Namatanai,PG,-3.6667,152.4333,85.8,64,70,4.18,broken clouds
124,Mapiripan,CO,2.8892,-72.1256,75.45,87,75,4.99,broken clouds
125,Saldanha,ZA,-33.0117,17.9442,62.65,90,52,8.08,broken clouds
126,Ambon,ID,-3.6954,128.1814,78.94,89,40,5.75,scattered clouds
127,Filimonovo,RU,56.2011,95.4611,-2.27,83,67,17.4,broken clouds
128,Karratha,AU,-20.7377,116.8463,86.72,38,67,10.07,broken clouds
129,Murgab,TM,37.4966,61.9714,42.67,75,75,9.22,broken clouds
130,Boddam,GB,57.4667,-1.7833,43.48,80,98,22.64,overcast clouds
131,Thompson,CA,55.7435,-97.8558,-16.44,69,20,9.22,few clouds
132,Burnie,AU,-41.0667,145.9167,61.95,46,0,2.53,clear sky
133,Khandbari,NP,27.3747,87.2039,54.93,55,18,3.69,few clouds
134,Upernavik,GL,72.7868,-56.1549,7.43,91,100,18.95,light snow
135,Mahebourg,MU,-20.4081,57.7,72.25,88,40,4.61,scattered clouds
136,Nioro,GM,13.35,-15.75,76.14,39,61,6.13,broken clouds
137,Avarua,CK,-21.2078,-159.775,80.65,78,6,17.27,clear sky
138,Ostersund,SE,63.1792,14.6357,30.65,100,100,3.44,overcast clouds
139,Georgetown,MY,5.4112,100.3354,80.24,93,20,3.44,mist
140,Del Rio,US,29.3627,-100.8968,62.62,36,0,5.75,clear sky
141,Bethel,US,41.3712,-73.414,56.23,73,100,12.66,overcast clouds
142,Walvis Bay,NA,-22.9575,14.5053,61.75,82,23,5.75,few clouds
143,Nishihara,JP,26.1842,127.7558,65.48,86,100,17.27,overcast clouds
144,Trelew,AR,-43.249,-65.3051,63.88,47,14,21.21,few clouds
145,Alofi,NU,-19.0595,-169.9187,85.89,70,40,11.5,scattered clouds
146,Cap Malheureux,MU,-19.9842,57.6142,72.46,75,55,3.0,broken clouds
147,Bam,IR,29.106,58.357,55.42,35,93,1.43,overcast clouds
148,Victoria,HK,22.2855,114.1577,62.26,76,100,15.99,overcast clouds
149,Ust-Nera,RU,64.5667,143.2,-22.23,98,100,8.43,overcast clouds
150,Ballina,AU,-28.8667,153.5667,61.02,99,100,16.4,light rain
151,Emerald,AU,-23.5333,148.1667,67.33,78,85,15.39,overcast clouds
152,Severnyy,RU,50.677,36.5532,24.84,63,0,13.42,clear sky
153,Yomou,GN,7.5603,-9.2653,69.94,97,78,1.97,broken clouds
154,Mandera,KE,3.9366,41.867,78.67,62,73,14.34,broken clouds
155,Mumford,GH,5.2618,-0.759,78.96,85,56,5.97,broken clouds
156,Khani,GE,41.9563,42.9566,45.97,79,22,5.75,few clouds
157,Fairbanks,US,64.8378,-147.7164,5.22,77,100,0.0,overcast clouds
158,Matara,LK,5.9485,80.5353,74.1,92,100,4.59,overcast clouds
159,Shelburne,CA,44.0787,-80.2041,27.9,89,84,24.76,light snow
160,Ribeira Grande,PT,38.5167,-28.7,62.78,75,12,5.99,few clouds
161,Jiuquan,CN,39.7432,98.5174,8.26,81,24,2.04,few clouds
162,Tadine,NC,-21.55,167.8833,83.7,69,81,8.88,broken clouds
163,Limbang,MY,4.75,115.0,75.31,94,90,3.49,overcast clouds
164,Mahanje,TZ,-9.9333,35.3333,65.3,93,98,1.7,light rain
165,Aykhal,RU,66.0,111.5,-25.87,98,99,14.32,light snow
166,Chuy,UY,-33.6971,-53.4616,69.31,89,5,15.28,clear sky
167,Kailua,US,21.4022,-157.7394,85.98,66,40,10.36,scattered clouds
168,Khor,RU,47.8861,134.9464,-4.04,83,87,17.45,overcast clouds
169,Mareeba,AU,-17.0,145.4333,74.44,92,100,2.28,overcast clouds
170,Santa Rosa,PH,14.3122,121.1114,79.09,96,99,12.01,moderate rain
171,Katima Mulilo,NA,-17.5,24.2667,71.06,59,32,4.94,scattered clouds
172,Nakamura,JP,32.9833,132.9333,47.08,63,87,5.41,overcast clouds
173,Bengkulu,ID,-3.8004,102.2655,75.4,82,93,2.59,overcast clouds
174,Vallenar,CL,-28.5708,-70.7581,66.92,66,0,4.5,clear sky
175,Christchurch,NZ,-43.5333,172.6333,61.95,57,75,3.44,broken clouds
176,Muriti,TZ,-1.9833,32.9167,72.36,68,100,1.21,light rain
177,Tiksi,RU,71.6872,128.8694,-11.16,99,100,14.65,overcast clouds
178,Adrar,MR,20.5022,-10.0711,65.19,21,42,9.04,scattered clouds
179,Atar,MR,20.5169,-13.0499,70.18,17,6,7.56,clear sky
180,Airai,TL,-8.9266,125.4092,67.71,77,98,1.32,overcast clouds
181,Kaitangata,NZ,-46.2817,169.8464,55.76,70,36,11.83,scattered clouds
182,Indian Head,US,38.6001,-77.1622,55.56,32,0,18.41,clear sky
183,Viedma,AR,-40.8135,-62.9967,58.37,56,68,13.29,broken clouds
184,Oyama,JP,36.3,139.8,48.02,65,100,6.46,overcast clouds
185,Noumea,NC,-22.2763,166.4572,89.58,99,66,9.17,broken clouds
186,Magistralnyy,RU,56.1725,107.4458,-0.29,94,100,5.03,light snow
187,Manokwari,ID,-0.8667,134.0833,80.55,76,100,1.01,overcast clouds
188,Tessalit,ML,20.1986,1.0114,69.19,20,34,6.78,scattered clouds
189,Siyabuswa,ZA,-25.1132,29.0445,67.42,45,0,6.96,clear sky
190,Sao Filipe,CV,14.8961,-24.4956,75.6,64,75,8.46,broken clouds
191,Gigmoto,PH,13.7796,124.39,81.19,85,86,14.9,overcast clouds
192,Tautira,PF,-17.7333,-149.15,78.69,80,36,11.83,light rain
193,Nouadhibou,MR,20.931,-17.0347,64.67,76,0,16.33,clear sky
194,Deputatskiy,RU,69.3,139.9,-14.12,99,100,3.6,light snow
195,Dioknisi,GE,41.6293,42.3917,41.23,89,46,4.65,scattered clouds
196,New Norfolk,AU,-42.7826,147.0587,58.71,38,7,2.68,clear sky
197,Talcahuano,CL,-36.7167,-73.1167,64.08,52,0,14.97,clear sky
198,Bontang,ID,0.1333,117.5,78.4,83,97,4.85,overcast clouds
199,Kalevala,RU,65.2,31.1667,25.12,97,100,4.16,light snow
200,Saint-Pierre,RE,-21.3393,55.4781,74.88,64,75,5.75,broken clouds
201,Marzuq,YE,14.4,46.4667,60.49,69,0,1.88,clear sky
202,Nome,US,64.5011,-165.4064,26.67,74,0,10.36,clear sky
203,Alice Springs,AU,-23.7,133.8833,76.55,23,0,8.05,clear sky
204,Comodoro Rivadavia,AR,-45.8667,-67.5,60.66,44,0,24.16,clear sky
205,Santa Lucia,ES,27.9117,-15.5407,60.12,68,40,6.91,scattered clouds
206,Nanortalik,GL,60.1432,-45.2371,28.26,78,99,34.67,overcast clouds
207,Wanning,CN,18.8003,110.3967,75.4,91,97,15.14,light rain
208,Arcachon,FR,44.5875,-1.0519,41.32,100,0,5.75,clear sky
209,Mecca,SA,21.4267,39.8261,77.13,73,22,2.82,few clouds
210,Verkh-Usugli,RU,52.7,115.1667,-15.77,94,60,3.2,broken clouds
211,San Rafael,AR,-34.6177,-68.3301,73.33,32,34,17.2,scattered clouds
212,Omsukchan,RU,62.5333,155.8,2.35,97,100,4.97,light snow
213,El Estor,GT,15.5333,-89.35,75.94,76,56,2.84,broken clouds
214,Codrington,AU,-38.2667,141.9667,61.36,72,91,10.78,overcast clouds
215,Dzerzhinsk,RU,56.2389,43.4631,1.22,85,56,0.0,mist
216,Salalah,OM,17.0151,54.0924,75.29,78,20,4.61,few clouds
217,Baton Rouge,US,30.4508,-91.1545,60.66,49,0,9.22,clear sky
218,Sabha,LY,27.0377,14.4283,51.46,37,0,4.61,clear sky
219,Nova Olimpia,BR,-14.7972,-57.2881,76.17,68,84,4.09,broken clouds
220,Lavrentiya,RU,65.5833,-171.0,19.69,92,28,8.86,scattered clouds
221,Udachnyy,RU,66.4167,112.4,-17.55,75,100,20.69,light snow
222,Alugan,PH,12.2188,125.4808,81.97,84,93,13.94,overcast clouds
223,Ipanema,BR,-30.1391,-51.2244,76.01,84,20,14.97,few clouds
224,Veere,NL,51.5483,3.6667,41.0,97,91,8.05,overcast clouds
225,Hobyo,SO,5.3505,48.5268,79.0,77,17,11.07,few clouds
226,Ilulissat,GL,69.2167,-51.1,21.22,86,100,27.63,light snow
227,Surt,LY,31.2089,16.5887,61.66,49,0,11.61,clear sky
228,Konya,TR,38.1667,32.5,35.08,77,94,4.61,overcast clouds
229,Trincomalee,LK,8.5711,81.2335,79.45,78,88,5.21,overcast clouds
230,Calbuco,CL,-41.768,-73.1273,56.41,64,0,15.88,clear sky
231,Goderich,CA,43.7501,-81.7165,34.12,60,100,28.77,overcast clouds
232,Gazli,UZ,40.1333,63.45,30.54,57,62,7.83,broken clouds
233,Hofn,IS,64.2539,-15.2082,47.61,99,100,15.12,overcast clouds
234,Marsala,IT,37.7966,12.4352,53.92,87,20,1.14,few clouds
235,Chernyshevskiy,RU,63.0128,112.4714,-23.96,96,85,4.7,overcast clouds
236,Huarmey,PE,-10.0681,-78.1522,68.27,81,53,7.54,broken clouds
237,Sidvokodvo,SZ,-26.6282,31.4202,60.37,91,1,2.71,clear sky
238,Sovetskiy,RU,61.3614,63.5842,-0.22,98,99,2.66,overcast clouds
239,Guerrero Negro,MX,27.9769,-114.0611,61.99,67,41,13.91,scattered clouds
240,Mapastepec,MX,15.4333,-92.9,77.5,88,21,2.46,few clouds
241,Jining,CN,35.405,116.5814,22.73,18,17,2.42,few clouds
242,Altea,ES,38.5989,-0.0514,56.68,67,100,4.0,overcast clouds
243,Palmer,US,42.1584,-72.3287,57.61,92,100,11.5,overcast clouds
244,Chicama,PE,-7.8447,-79.1469,68.54,77,87,6.17,overcast clouds
245,Loandjili,CG,-4.7561,11.8578,76.3,89,83,3.31,broken clouds
246,Dzerzhinskoye,RU,56.8344,95.2283,-2.2,89,94,14.09,overcast clouds
247,Ushtobe,KZ,45.2514,77.9838,28.63,98,99,4.09,snow
248,Port Hardy,CA,50.6996,-127.4199,32.18,80,75,14.97,broken clouds
249,Katherine,AU,-14.4667,132.2667,79.12,57,98,0.0,overcast clouds
250,Te Anau,NZ,-45.4167,167.7167,59.38,55,82,4.83,broken clouds
251,Raudeberg,NO,61.9875,5.1352,41.86,71,10,9.33,clear sky
252,Saint George,US,37.1041,-113.5841,58.42,25,0,4.0,clear sky
253,Lulea,SE,65.5842,22.1547,32.07,100,100,2.3,overcast clouds
254,Laurel,US,39.0993,-76.8483,54.84,37,40,18.41,scattered clouds
255,Belsand,IN,26.45,85.4,59.36,62,11,6.69,few clouds
256,Saint-Francois,FR,46.4154,3.9054,40.44,93,75,5.75,broken clouds
257,Tianpeng,CN,30.9866,103.9393,39.67,88,99,3.04,overcast clouds
258,Damietta,EG,31.4165,31.8133,66.09,66,0,6.29,clear sky
259,Carnarvon,AU,-24.8667,113.6333,71.78,72,5,11.14,clear sky
260,Lasa,IT,46.6166,10.7002,41.88,86,99,2.28,overcast clouds
261,Alberdi,AR,-32.8899,-60.6906,74.03,65,0,13.8,clear sky
262,Sao Joao Da Barra,BR,-21.6403,-41.0511,73.49,92,96,13.56,light rain
263,Laguna,US,38.421,-121.4238,59.92,47,0,8.05,clear sky
264,Westport,US,41.1415,-73.3579,58.82,84,100,16.11,overcast clouds
265,Teya,RU,60.3778,92.6267,1.35,97,100,7.67,light snow
266,Norman Wells,CA,65.282,-126.8329,-9.36,77,100,4.61,light snow
267,Orange Cove,US,36.6244,-119.3137,63.63,41,0,0.0,haze
268,Beyneu,KZ,45.3167,55.2,23.02,29,0,5.88,clear sky
269,Yulara,AU,-25.2406,130.9889,81.16,16,1,11.86,clear sky
270,North Bend,US,43.4065,-124.2243,48.07,93,100,13.8,overcast clouds
271,Bathsheba,BB,13.2167,-59.5167,79.41,78,20,10.36,few clouds
272,Coihaique,CL,-45.5752,-72.0662,55.35,47,20,6.91,few clouds
273,Tambura,SS,5.6,27.4667,70.27,82,99,3.33,overcast clouds
274,Sioux Lookout,CA,50.1001,-91.917,14.07,85,100,19.57,overcast clouds
275,Narsaq,GL,60.9167,-46.05,28.62,90,94,5.08,overcast clouds
276,Portland,US,45.5234,-122.6762,44.58,92,75,10.0,broken clouds
277,Esperance,AU,-33.8667,121.9,74.93,46,11,16.15,few clouds
278,Lindi,TZ,-10.0,39.7167,74.68,94,34,2.62,scattered clouds
279,Sena Madureira,BR,-9.0656,-68.6569,82.06,63,58,3.56,broken clouds
280,Solnechnyy,RU,50.7214,136.6319,-6.77,87,67,3.51,broken clouds
281,Mount Gambier,AU,-37.8333,140.7667,63.34,65,67,7.0,broken clouds
282,Sonipat,IN,28.9833,77.0167,55.4,42,0,5.03,clear sky
283,Khatanga,RU,71.9667,102.5,-28.41,96,81,7.07,broken clouds
284,Cozumel,MX,20.5083,-86.9458,84.27,79,0,8.01,clear sky
285,Canutama,BR,-6.5339,-64.3831,78.94,82,78,1.86,broken clouds
286,Najran,SA,17.4924,44.1277,57.85,41,40,1.77,scattered clouds
287,Saryozek,KZ,44.3583,77.9753,28.22,97,99,16.49,snow
288,Jinchang,CN,38.4953,102.1739,11.59,57,14,3.8,few clouds
289,Halifax,CA,44.6453,-63.5724,47.21,86,100,34.52,overcast clouds
290,Sohbatpur,PK,28.5202,68.5434,61.21,24,28,1.48,scattered clouds
291,Asau,RO,46.4333,26.4,33.28,95,100,3.02,overcast clouds
292,Laranjeiras Do Sul,BR,-25.4078,-52.4161,61.93,96,99,2.93,light rain
293,Santa Maria,BR,-29.6842,-53.8069,81.7,57,20,13.8,few clouds
294,Huangpi,CN,30.8845,114.3779,30.31,51,0,6.71,clear sky
295,Bestobe,KZ,52.4994,73.0975,-0.08,86,100,13.76,overcast clouds
296,Moses Lake,US,47.1301,-119.2781,26.96,80,40,0.0,scattered clouds
297,Florianopolis,BR,-27.6146,-48.5012,73.13,98,100,19.57,thunderstorm with rain
298,Ucluelet,CA,48.9329,-125.5528,38.08,79,17,5.03,few clouds
299,Riyadh,SA,24.6877,46.7219,64.54,33,72,7.7,broken clouds
300,Vao,NC,-22.6667,167.4833,78.71,81,73,5.84,broken clouds
301,Bambanglipuro,ID,-7.95,110.2833,79.02,76,100,3.11,overcast clouds
302,Casablanca,MA,33.5928,-7.6192,51.82,72,53,3.56,broken clouds
303,Beira,MZ,-19.8436,34.8389,73.15,72,14,6.49,few clouds
304,Port-Gentil,GA,-0.7193,8.7815,80.56,89,40,5.75,scattered clouds
305,Kaeo,NZ,-35.1,173.7833,73.33,64,80,11.25,broken clouds
306,Visaginas,LT,55.6,26.4167,12.83,97,82,3.36,broken clouds
307,Arkhipovka,RU,56.6629,41.2543,8.33,97,52,2.3,broken clouds
308,La Sarre,CA,48.8002,-79.1996,26.42,75,100,16.51,light snow
309,Iracoubo,GF,5.4802,-53.2011,76.08,89,47,9.66,scattered clouds
310,Yining,CN,29.0361,114.5636,29.71,93,100,3.44,light snow
311,Ahuimanu,US,21.4447,-157.8378,85.71,66,40,13.8,scattered clouds
312,Marystown,CA,47.1666,-55.1483,29.32,63,7,5.28,clear sky
313,Port Angeles,US,48.1181,-123.4307,41.7,76,75,8.05,broken clouds
314,Nichlaul,IN,27.3167,83.7333,57.85,71,0,2.53,clear sky
315,Ugoofaaru,MV,5.6667,73.0,80.76,68,35,1.92,scattered clouds
316,Tukrah,LY,32.5341,20.5791,62.33,67,21,16.73,light rain
317,Itarema,BR,-2.9248,-39.9167,79.52,73,80,12.77,heavy intensity rain
318,Aripuana,BR,-9.1667,-60.6333,78.04,73,52,3.13,broken clouds
319,Hammerfest,NO,70.6634,23.6821,36.05,80,75,3.44,broken clouds
320,Kumta,IN,14.4167,74.4,71.69,60,16,8.19,few clouds
321,Mao,ES,39.8885,4.2658,48.76,81,0,8.05,clear sky
322,Nocera Superiore,IT,40.7421,14.6729,53.1,84,86,5.01,overcast clouds
323,Batemans Bay,AU,-35.7167,150.1833,65.1,67,74,4.36,broken clouds
324,Hamilton,US,39.1834,-84.5333,36.09,57,0,13.8,clear sky
325,Pacifica,US,37.6138,-122.4869,58.75,65,75,8.99,broken clouds
326,Kikwit,CD,-5.041,18.8162,67.33,99,95,1.61,overcast clouds
327,Pisco,PE,-13.7,-76.2167,69.85,73,0,19.57,clear sky
328,Ternate,ID,0.8,127.4,81.86,78,98,3.42,overcast clouds
329,Hirara,JP,24.8,125.2833,69.66,94,75,23.02,broken clouds
330,Havoysund,NO,70.9963,24.6622,35.83,83,56,6.91,broken clouds
331,Morrisburg,CA,44.9001,-75.1826,41.05,89,99,16.89,overcast clouds
332,Padang,ID,-0.9492,100.3543,75.25,96,100,2.91,overcast clouds
333,Castro,BR,-24.7911,-50.0119,61.07,97,92,4.9,overcast clouds
334,Daru,PG,-9.0763,143.2092,82.13,74,100,8.43,overcast clouds
335,Montego Bay,JM,18.4712,-77.9188,80.4,74,20,9.22,few clouds
336,Namibe,AO,-15.1961,12.1522,69.44,76,86,7.63,overcast clouds
337,Isangel,VU,-19.55,169.2667,86.11,84,40,4.61,scattered clouds
338,Verkhnyaya Toyma,RU,62.2349,44.9985,18.45,85,100,2.95,overcast clouds
339,Sakakah,SA,29.9697,40.2064,53.17,69,0,2.3,clear sky
340,Kuryk,KZ,43.2,51.65,32.22,36,100,10.22,overcast clouds
341,Waiouru,NZ,-39.4833,175.6667,52.38,79,97,6.35,overcast clouds
342,Grindavik,IS,63.8424,-22.4338,46.35,87,75,24.16,broken clouds
343,Gotsu,JP,35.0,132.2167,46.87,65,99,10.29,overcast clouds
344,Boca Do Acre,BR,-8.7522,-67.3978,78.71,73,61,1.16,broken clouds
345,Sola,VU,-13.8833,167.55,83.07,84,76,0.0,broken clouds
346,Aswan,EG,24.0934,32.907,65.5,36,0,0.0,clear sky
347,Panaba,MX,21.2833,-88.2667,76.71,82,88,11.27,light rain
348,Ericeira,PT,38.9627,-9.4156,56.35,96,92,12.97,overcast clouds
349,Nantucket,US,41.2835,-70.0995,57.31,94,100,18.41,moderate rain
350,Soavinandriana,MG,-19.1667,46.7333,61.45,85,99,1.36,overcast clouds
351,Sisimiut,GL,66.9395,-53.6735,16.2,84,100,27.96,overcast clouds
352,Enid,US,36.3956,-97.8784,38.88,55,0,5.75,clear sky
353,Gold Coast,AU,-28.0,153.4333,64.9,89,75,20.71,light rain
354,Roura,GF,4.7263,-52.3274,78.71,89,100,0.0,overcast clouds
355,Yar-Sale,RU,66.8333,70.8333,-10.48,100,20,3.65,few clouds
356,Phalombe,MW,-15.8064,35.6507,62.83,93,59,2.57,light rain
357,Ormara,PK,25.2088,64.6357,73.92,53,59,4.27,broken clouds
358,Avera,US,33.194,-82.5271,62.11,61,26,13.18,scattered clouds
359,Vyazemskiy,RU,47.5378,134.7525,-2.74,80,87,15.7,overcast clouds
360,Aklavik,CA,68.2191,-135.0107,1.4,78,100,5.75,light snow
361,Lillooet,CA,50.6856,-121.942,11.17,93,100,6.15,overcast clouds
362,Finnsnes,NO,69.2296,17.9811,27.21,89,99,2.42,light snow
363,Beaverlodge,CA,55.2166,-119.4361,-6.45,96,100,8.95,overcast clouds
364,Inhambane,MZ,-23.865,35.3833,72.21,84,23,10.49,light rain
365,Wexford,IE,52.3342,-6.4575,52.12,83,99,3.0,overcast clouds
366,Pafos,CY,34.7667,32.4167,60.58,88,20,8.05,few clouds
367,Iqaluit,CA,63.7506,-68.5145,-20.31,68,0,12.66,clear sky
368,Ostrovnoy,RU,68.0531,39.5131,21.76,91,91,6.96,overcast clouds
369,Lewistown,US,40.5992,-77.5714,42.21,48,75,20.71,broken clouds
370,Karonga,MW,-9.9333,33.9333,74.21,79,91,4.0,light rain
371,Zhucheng,CN,35.9947,119.3975,24.06,19,4,6.85,clear sky
372,Toledo,ES,39.8333,-4.0,50.11,57,99,3.83,overcast clouds
373,Sitangkai,PH,4.6628,119.3928,81.21,78,98,7.4,overcast clouds
374,Araouane,ML,18.9048,-3.5265,72.57,16,99,9.48,overcast clouds
375,Ayorou,NE,14.7308,0.9174,74.57,18,85,8.46,overcast clouds
376,Marrakesh,MA,31.6315,-8.0083,57.27,62,0,9.22,clear sky
377,Naliya,IN,23.2667,68.8333,69.33,36,0,8.97,clear sky
378,Chhuikhadan,IN,21.5333,80.9833,59.83,56,4,2.84,clear sky
379,Henties Bay,NA,-22.116,14.2845,60.35,89,9,5.5,clear sky
380,Skibbereen,IE,51.55,-9.2667,54.1,95,87,9.1,overcast clouds
381,Gabu,GW,12.2833,-14.2167,75.96,45,12,4.61,few clouds
382,Manggar,ID,-2.8833,108.2667,78.76,83,100,5.44,overcast clouds
383,Vardo,NO,70.3705,31.1107,31.98,86,100,9.22,overcast clouds
384,Denpasar,ID,-8.65,115.2167,82.06,78,40,3.44,scattered clouds
385,Lima,PE,-12.0432,-77.0282,70.05,64,0,16.11,clear sky
386,Tam Ky,VN,15.5667,108.4833,75.16,90,30,3.71,scattered clouds
387,Moron,AR,-34.6534,-58.6198,73.92,77,91,11.23,overcast clouds
388,Hokitika,NZ,-42.7167,170.9667,59.65,68,89,14.74,overcast clouds
389,Saint-Denis,FR,48.9167,2.3333,44.08,92,75,8.05,mist
390,Caravelas,BR,-17.7125,-39.2481,75.92,93,100,5.35,overcast clouds
391,Clyde River,CA,70.4692,-68.5914,-28.97,68,0,3.44,clear sky
392,Ixtapa,MX,20.7,-105.2,78.22,72,38,3.0,scattered clouds
393,Yantal,RU,56.8471,105.2542,-3.66,97,100,9.26,light snow
394,Tonekabon,IR,36.8163,50.8738,54.77,90,100,7.43,overcast clouds
395,Dolores,AR,-36.3132,-57.6792,64.02,96,100,14.81,light rain
396,Boa Vista,BR,2.8197,-60.6733,82.38,65,0,5.75,clear sky
397,Hithadhoo,MV,-0.6,73.0833,80.62,73,56,7.74,broken clouds
398,Fort Nelson,CA,58.8053,-122.7002,-17.01,69,0,5.75,clear sky
399,Pitimbu,BR,-7.4706,-34.8086,81.19,71,100,9.44,light rain
400,Buin,CL,-33.7333,-70.75,72.43,53,0,5.64,clear sky
401,Mlonggo,ID,-6.5333,110.7,78.94,80,89,7.25,overcast clouds
402,Clermont,FR,49.5,2.4167,41.72,89,36,7.05,scattered clouds
403,Bairiki,KI,1.3292,172.9752,86.0,74,20,8.05,few clouds
404,Vredendal,ZA,-31.6683,18.5012,59.85,90,0,4.52,clear sky
405,Severomuysk,RU,56.1481,113.4267,-24.09,97,100,5.03,overcast clouds
406,Petropavlovsk-Kamchatskiy,RU,53.0452,158.6483,26.78,86,75,4.47,broken clouds
407,Kembe,CF,4.6228,21.8865,67.71,99,99,1.68,overcast clouds
408,Grand Gaube,MU,-20.0064,57.6608,73.38,75,57,3.0,broken clouds
409,Banfora,BF,10.6333,-4.7667,77.14,29,51,3.24,broken clouds
410,Pimentel,PE,-6.8367,-79.9342,70.09,78,0,19.57,clear sky
411,Harper,LR,4.375,-7.7169,77.95,84,88,4.97,light rain
412,Lae,PG,-6.7221,146.9847,79.47,59,96,2.33,overcast clouds
413,Morro Bay,US,35.3658,-120.8499,61.18,77,97,5.01,overcast clouds
414,Veshenskaya,RU,49.6303,41.7334,23.49,52,73,10.4,broken clouds
415,Hovd,MN,48.0056,91.6419,-4.43,81,100,3.58,overcast clouds
416,Margate,GB,51.3813,1.3862,48.69,90,48,1.99,scattered clouds
417,Tchaourou,BJ,8.8865,2.5975,74.73,26,91,2.35,overcast clouds
418,Yerbogachen,RU,61.2767,108.0108,-7.56,97,100,6.87,overcast clouds
419,Yerofey Pavlovich,RU,53.9667,121.9667,-26.97,95,27,2.98,scattered clouds
420,Berdigestyakh,RU,62.0989,126.6992,-22.02,97,100,5.44,overcast clouds
421,North Las Vegas,US,36.1989,-115.1175,58.98,21,0,6.91,clear sky
422,College,US,64.8569,-147.8028,6.21,77,100,0.0,overcast clouds
423,Togul,RU,53.465,85.9128,-12.62,92,5,4.36,clear sky
424,Baruun-Urt,MN,46.6806,113.2792,-9.09,77,2,12.44,clear sky
425,Lakki Marwat,PK,32.6079,70.9114,61.12,28,15,1.45,few clouds
426,Shiyan,CN,32.6475,110.7781,28.24,86,77,2.1,broken clouds
427,Veraval,IN,20.9,70.3667,72.16,41,0,11.01,clear sky
428,Biak,ID,-0.9131,122.8766,80.78,69,98,1.32,overcast clouds
429,Gladstone,AU,-23.85,151.25,66.13,77,100,10.36,light rain
430,Chany,RU,55.3121,76.7647,-8.45,90,15,6.13,few clouds
431,Vanimo,PG,-2.6741,141.3028,81.28,84,100,3.56,moderate rain
432,Bubaque,GW,11.2833,-15.8333,81.77,66,51,13.96,broken clouds
433,Puerto Escondido,MX,15.85,-97.0667,79.09,80,14,2.8,light rain
434,Kirakira,SB,-10.4544,161.9205,83.97,73,99,4.74,light rain
435,Penzance,GB,50.1186,-5.5371,47.08,75,30,9.75,scattered clouds
436,Riverton,US,40.5219,-111.9391,45.1,48,0,21.85,clear sky
437,San Jose,US,37.3394,-121.895,61.95,44,75,7.0,broken clouds
438,Bonthe,SL,7.5264,-12.505,78.94,80,56,6.26,broken clouds
439,Palora,EC,-1.7,-77.9333,75.31,95,97,3.33,moderate rain
440,Aginskoye,RU,51.1,114.53,-2.2,77,78,18.41,broken clouds
441,Rakai,UG,-0.72,31.4839,62.51,91,100,3.09,light rain
442,Bad Ems,DE,50.3333,7.7167,44.22,94,100,3.2,overcast clouds
443,Trairi,BR,-3.2778,-39.2689,79.39,72,73,11.1,moderate rain
444,Bansang,GM,13.4333,-14.65,79.23,31,41,5.12,scattered clouds
445,Gravdal,NO,68.1214,13.5031,41.25,77,99,8.48,overcast clouds
446,Taltal,CL,-25.4,-70.4833,64.51,81,29,4.43,scattered clouds
447,Rosarito,MX,32.3333,-117.0333,62.47,64,18,5.37,few clouds
448,Auki,SB,-8.7676,160.7034,81.86,80,97,5.1,overcast clouds
449,Ulaangom,MN,49.9811,92.0667,-12.68,95,100,2.15,overcast clouds
450,Belyy Yar,RU,53.6039,91.3903,-19.14,73,20,0.0,mist
451,Santander,ES,43.4647,-3.8044,53.46,89,100,11.99,overcast clouds
452,Wawa,NG,9.9022,4.4192,76.62,31,58,5.41,broken clouds
453,Kotel,BG,42.8833,26.45,38.75,93,100,4.5,overcast clouds
454,Nova Granada,BR,-20.5339,-49.3142,77.25,72,84,3.6,broken clouds
455,Weimar,DE,50.9833,11.3167,39.88,90,74,1.01,broken clouds
456,Sao Felix Do Xingu,BR,-6.6447,-51.995,70.93,97,99,2.17,overcast clouds
457,Olafsvik,IS,64.8945,-23.7142,43.79,74,76,33.78,broken clouds
458,Opelousas,US,30.5335,-92.0815,57.09,46,0,14.97,clear sky
459,Saint Anthony,US,45.0205,-93.218,17.55,71,0,14.97,clear sky
460,Eloi Mendes,BR,-21.61,-45.5653,64.35,92,78,3.96,broken clouds
461,Rocha,UY,-34.4833,-54.3333,68.45,88,18,12.5,few clouds
462,Gat,IL,31.61,34.7642,59.4,63,0,3.4,clear sky
463,Tukums,LV,56.9669,23.1553,27.75,96,100,3.58,overcast clouds
464,Honiara,SB,-9.4333,159.95,85.21,70,65,5.06,light rain
465,Mayor Pablo Lagerenza,PY,-19.9309,-60.7718,73.09,81,100,4.27,overcast clouds
466,Neepawa,CA,50.2289,-99.4664,3.6,95,53,4.21,broken clouds
467,The Valley,AI,18.217,-63.0578,80.1,78,20,9.22,few clouds
468,Luderitz,NA,-26.6481,15.1594,63.57,75,0,9.28,clear sky
469,Kloulklubed,PW,7.0419,134.2556,82.9,76,99,17.45,overcast clouds
470,Lerwick,GB,60.1545,-1.1494,48.2,83,99,24.61,overcast clouds
471,Tuatapere,NZ,-46.1333,167.6833,53.58,74,93,9.55,overcast clouds
472,Mosalsk,RU,54.4881,34.9817,16.74,86,100,5.39,overcast clouds
473,Pahrump,US,36.2083,-115.9839,58.51,29,31,8.01,scattered clouds
474,Alta Floresta,BR,-9.8756,-56.0861,72.59,91,70,3.11,broken clouds
475,Harnosand,SE,62.6323,17.9379,35.01,87,89,3.38,overcast clouds
476,Taraz,KZ,42.9,71.3667,34.21,64,75,29.08,broken clouds
477,Savonlinna,FI,61.8699,28.88,26.65,93,100,2.3,overcast clouds
478,Kasongo,CD,-4.45,26.6667,66.7,99,100,0.92,moderate rain
479,Savannah Bight,HN,16.45,-85.85,82.0,74,9,19.35,light rain
480,Salisbury,GB,51.0693,-1.7957,42.03,100,20,3.44,fog
481,Iwanai,JP,42.9744,140.5089,22.21,85,100,20.58,light snow
482,Kayes,ML,14.0,-11.0,85.3,15,100,4.83,overcast clouds
483,Boke,GN,10.9409,-14.2967,74.77,81,26,1.92,scattered clouds
484,Jaisinghnagar,IN,23.7,81.3833,53.85,62,13,2.06,few clouds
485,Sciacca,IT,37.5082,13.0881,53.02,80,5,8.46,clear sky
486,Bilibino,RU,68.0546,166.4372,9.81,93,100,5.99,overcast clouds
487,Ust-Kulom,RU,61.6864,53.6902,7.52,99,95,2.46,overcast clouds
488,Sarahan,IN,31.5167,77.8,43.68,21,0,10.13,clear sky
489,Amalapuram,IN,16.5833,82.0167,71.02,87,4,3.94,clear sky
490,Takoradi,GH,4.8845,-1.7554,78.85,83,95,5.39,overcast clouds
491,Cherkasskoye,RU,52.4333,47.2167,15.31,89,6,3.83,clear sky
492,Kachiry,KZ,53.0675,76.1036,-4.36,79,76,10.11,broken clouds
493,Lunavada,IN,23.1333,73.6167,61.56,46,0,8.9,clear sky
494,Akdepe,TM,42.0551,59.3788,14.09,40,19,5.82,few clouds
495,Ulaanbaatar,MN,47.9077,106.8832,-23.67,76,0,2.24,clear sky
496,Tura,IN,25.5198,90.2201,60.22,88,1,3.67,clear sky
497,Meadow Lake,US,34.8014,-106.5436,49.87,29,87,3.42,overcast clouds
498,Morozovsk,RU,48.3539,41.8261,25.68,43,74,15.01,broken clouds
499,Tanda,IN,26.55,82.65,58.73,62,0,5.3,clear sky
500,Kachug,RU,53.9606,105.8817,0.52,93,100,8.48,light snow
501,Dubbo,AU,-32.25,148.6167,71.73,49,91,13.8,overcast clouds
502,Ussel,FR,45.55,2.3167,36.59,91,57,6.15,broken clouds
503,Tubuala,PA,9.5167,-79.0333,77.97,83,82,3.09,light rain
504,Rundu,NA,-17.9333,19.7667,74.66,34,45,4.29,scattered clouds
505,Palana,RU,59.1167,159.9667,26.04,93,100,15.48,light snow
506,Havre-Saint-Pierre,CA,50.2334,-63.5986,23.0,86,100,12.66,overcast clouds
507,Pemba,MZ,-12.974,40.5178,77.7,83,20,3.44,few clouds
508,Cockburn Town,TC,21.4612,-71.1419,78.76,65,40,9.22,scattered clouds
509,Maba,CN,24.6841,113.5984,43.3,77,100,6.13,overcast clouds
510,Petushki,RU,55.9264,39.461,7.65,98,87,1.97,overcast clouds
511,Batticaloa,LK,7.7102,81.6924,77.34,83,93,1.41,overcast clouds
512,Golden Gate,US,26.1879,-81.6951,80.65,66,0,3.44,clear sky
513,Kerchevskiy,RU,59.946,56.2884,10.92,96,98,2.3,overcast clouds
514,Kasongo-Lunda,CD,-6.4667,16.8167,66.51,95,78,0.72,broken clouds
515,Abu Kamal,SY,34.4506,40.9171,58.69,75,69,7.27,broken clouds
516,Kutum,SD,14.2,24.6667,66.33,29,32,4.0,scattered clouds
517,Hambantota,LK,6.1241,81.1185,75.33,90,100,8.39,overcast clouds
518,Kudahuvadhoo,MV,2.6708,72.8944,79.52,70,15,3.85,few clouds
519,Manuk Mangkaw,PH,4.8,119.85,81.52,77,98,7.31,overcast clouds
520,Abha,SA,18.2164,42.5053,52.05,87,0,0.0,clear sky
521,Lengshuitan,CN,26.4111,111.5956,31.95,86,100,7.27,light snow
522,Mmabatho,ZA,-25.85,25.6333,64.36,82,67,4.61,broken clouds
523,Kahului,US,20.8947,-156.47,83.97,75,40,13.8,scattered clouds
524,Yenagoa,NG,4.9247,6.2642,77.0,88,99,2.8,overcast clouds
525,Payakumbuh,ID,-0.2202,100.6308,70.3,97,100,2.8,overcast clouds
526,Moyale,KE,3.5167,39.0584,67.82,50,55,8.21,broken clouds
527,Russell,US,32.3502,-85.1999,63.68,48,0,16.11,clear sky
528,Banda Aceh,ID,5.5577,95.3222,77.86,80,99,3.2,overcast clouds
529,Kuchurhan,UA,47.163,29.7894,30.52,75,96,7.76,overcast clouds
530,Torbay,CA,47.6666,-52.7314,23.27,84,0,8.05,clear sky
531,Pleshanovo,RU,52.8333,53.4833,7.36,95,23,4.36,few clouds
532,Mogadishu,SO,2.0371,45.3438,79.2,77,77,12.15,broken clouds
533,Kaduy,RU,59.2,37.15,9.66,97,98,2.71,overcast clouds
534,Nawada,IN,24.8833,85.5333,57.78,56,37,5.1,scattered clouds
535,Manzhouli,CN,49.6,117.4333,-9.98,87,24,14.32,few clouds
536,Rudbar,AF,30.15,62.6,55.92,45,100,3.74,overcast clouds
537,Chunoyar,RU,57.4467,97.3217,-4.38,97,100,11.59,snow
538,Seymchan,RU,62.8833,152.4333,-20.43,96,100,4.94,overcast clouds
539,Santa Catarina De Tepehuanes,MX,25.35,-105.7333,61.12,20,45,7.31,scattered clouds
540,Yelabuga,RU,55.7613,52.0649,13.55,96,99,4.52,light snow
541,Beisfjord,NO,68.3751,17.5988,31.05,88,99,3.36,light snow
542,Despotovac,RS,44.0925,21.4469,39.45,80,100,9.15,overcast clouds
543,Sankt Valentin,AT,48.1667,14.5167,39.24,89,83,1.21,broken clouds
544,Naberera,TZ,-4.2,36.9333,62.46,91,97,6.42,overcast clouds
545,Taoudenni,ML,22.6783,-3.9836,64.09,21,0,9.06,clear sky
546,Milkovo,RU,54.7167,158.6167,24.24,72,67,10.38,broken clouds
547,Kenai,US,60.5544,-151.2583,13.14,92,0,3.44,clear sky
548,Shingu,JP,33.7333,135.9833,49.05,59,65,5.53,broken clouds
549,Shirvan,AZ,39.9509,48.8994,39.92,92,100,10.16,light rain
550,Peterhead,GB,57.5058,-1.7981,43.5,81,98,22.19,overcast clouds
551,Camacupa,AO,-12.0167,17.4833,60.22,97,77,2.46,light rain
552,Texarkana,US,33.4251,-94.0477,52.02,51,0,1.01,clear sky
553,Praya,CV,14.9215,-23.5087,73.94,73,75,14.97,broken clouds
554,Katobu,ID,-4.9408,122.5276,77.9,88,100,3.29,overcast clouds
555,Formosa Do Rio Preto,BR,-11.0483,-45.1931,69.21,95,100,1.86,overcast clouds
556,Kununurra,AU,-15.7667,128.7333,87.78,40,93,3.44,overcast clouds
557,Sembakung,ID,3.8167,117.25,73.96,98,100,2.33,overcast clouds
558,Hay River,CA,60.8156,-115.7999,-14.82,70,20,9.22,few clouds
559,Katol,IN,21.2667,78.5833,60.33,58,60,3.11,broken clouds
560,Mombasa,KE,-4.0547,39.6636,75.61,89,35,3.56,light rain
561,Honningsvag,NO,70.9821,25.9704,35.35,80,100,14.97,overcast clouds
562,Pathein,MM,16.7833,94.7333,75.38,91,56,4.61,broken clouds
563,Talara,PE,-4.5772,-81.2719,72.36,78,0,11.5,clear sky
564,Ende,ID,-8.8432,121.6623,82.2,75,98,3.94,overcast clouds
565,Kyabe,TD,9.4515,18.9449,76.12,27,99,4.03,overcast clouds
566,Teguldet,RU,57.3064,88.1667,-13.07,98,28,3.22,scattered clouds
567,Quatre Cocos,MU,-20.2078,57.7625,73.09,75,41,7.52,light rain
568,Shimoda,JP,34.6667,138.95,57.56,86,100,13.58,overcast clouds
569,Ayan,RU,56.45,138.1667,-5.73,85,99,24.99,overcast clouds
570,Arlit,NE,18.7369,7.3853,68.65,22,1,6.35,clear sky
571,Uvinza,TZ,-5.1036,30.3911,64.67,91,98,1.43,overcast clouds
572,Lakes Entrance,AU,-37.8811,147.981,64.17,65,34,7.14,scattered clouds
573,Lac Du Bonnet,CA,50.2536,-96.0612,5.52,93,100,7.67,overcast clouds
574,Buala,SB,-8.145,159.5921,82.92,73,100,4.54,overcast clouds
575,Terrace,CA,54.5163,-128.6035,17.51,27,75,10.36,broken clouds
576,Talnakh,RU,69.4865,88.3972,-2.54,99,99,5.3,overcast clouds
577,San Cristobal,VE,7.7669,-72.225,69.98,95,68,4.47,broken clouds
578,Makakilo City,US,21.3469,-158.0858,84.52,61,75,13.8,broken clouds
579,Filingue,NE,14.3521,3.3168,73.85,17,25,8.86,scattered clouds
580,Kidal,ML,18.4411,1.4078,72.3,21,62,6.96,broken clouds
581,Leningradskiy,RU,69.3833,178.4167,11.61,90,97,7.56,overcast clouds
582,Masallatah,LY,32.6167,14.0,55.72,55,16,15.7,few clouds
583,Nelson Bay,AU,-32.7167,152.15,69.85,64,100,4.0,overcast clouds
584,Champoton,MX,19.35,-90.7167,78.62,84,49,11.54,moderate rain
585,Kulhudhuffushi,MV,6.6221,73.07,81.12,68,20,1.66,few clouds
586,Beloha,MG,-25.1667,45.05,69.57,89,100,9.78,light rain
587,Guadalupe Victoria,MX,32.2869,-115.105,67.68,25,2,3.24,clear sky
588,Katsuura,JP,35.1333,140.3,53.62,84,100,17.92,overcast clouds
589,Omboue,GA,-1.5746,9.2618,75.88,90,100,4.92,overcast clouds
590,Ponta Delgada,PT,37.7333,-25.6667,61.5,88,20,2.3,few clouds
591,Carutapera,BR,-1.195,-46.02,77.88,83,76,4.68,broken clouds
592,Baft,IR,29.234,56.6057,45.03,45,88,2.59,overcast clouds
593,Bandarbeyla,SO,9.4942,50.8122,77.63,81,5,16.67,light rain
594,Lososina,RU,48.9975,140.3106,1.53,56,74,9.98,broken clouds
595,Montlucon,FR,46.3333,2.6,38.7,96,55,4.09,broken clouds
596,Husavik,IS,66.0449,-17.3389,41.81,89,100,10.45,overcast clouds
597,Muzhi,RU,65.3667,64.6667,-11.87,99,43,2.3,scattered clouds
598,Norton,ZW,-17.8833,30.7,57.27,72,2,5.17,clear sky
599,Kihei,US,20.785,-156.4656,83.97,77,40,13.8,scattered clouds
600,Kamaishi,JP,39.2667,141.8833,37.54,48,89,2.91,overcast clouds
601,Constitucion,CL,-35.3333,-72.4167,55.11,79,0,14.07,clear sky
602,Verkhnyaya Sysert,RU,56.4372,60.75,10.2,98,95,2.57,overcast clouds
603,Puerto Leguizamo,CO,-0.1934,-74.7819,77.43,80,54,3.47,broken clouds
604,La Rioja,ES,42.25,-2.5,28.18,85,53,1.77,broken clouds
605,Finschhafen,PG,-6.6024,147.8681,84.78,69,99,1.36,overcast clouds
606,Buraydah,SA,26.326,43.975,66.65,54,58,10.31,broken clouds
607,Itoman,JP,26.1247,127.6694,68.02,82,75,19.57,broken clouds
608,Madras,IN,13.0878,80.2785,78.78,89,75,2.3,broken clouds
609,Nadym,RU,65.5333,72.5167,-13.67,99,8,4.07,clear sky
610,Ahipara,NZ,-35.1667,173.1667,63.59,63,96,14.67,overcast clouds
611,Whitehorse,CA,60.7161,-135.0538,-10.43,77,40,11.5,scattered clouds
612,Darhan,MN,49.4867,105.9228,-9.13,87,31,6.87,scattered clouds
613,Jati,PK,24.3539,68.2671,66.7,18,10,8.52,clear sky
614,Castanos,MX,26.7833,-101.4167,54.34,47,29,7.9,scattered clouds
615,Katsina,NG,12.9894,7.6006,65.77,24,11,10.02,few clouds
616,Half Moon Bay,US,37.4636,-122.4286,59.99,60,40,6.91,scattered clouds
617,Popondetta,PG,-8.7537,148.2534,88.52,56,100,4.54,overcast clouds
618,Uchiza,PE,-8.4592,-76.4633,74.03,91,99,3.58,overcast clouds
619,Viamao,BR,-30.0811,-51.0233,75.04,84,20,14.97,few clouds
620,Port Keats,AU,-14.25,129.55,90.05,34,95,3.83,overcast clouds
621,Tezu,IN,27.9167,96.1667,63.64,43,42,3.65,scattered clouds
622,Panjakent,TJ,39.4952,67.6093,40.57,93,100,0.31,overcast clouds
623,Okha,RU,53.5739,142.9478,-2.69,94,36,19.64,scattered clouds
624,Ladario,BR,-19.0047,-57.6017,78.55,62,79,8.37,moderate rain
625,Hearst,CA,49.6835,-83.6665,23.25,92,100,13.89,light snow
626,Praia Da Vitoria,PT,38.7333,-27.0667,60.76,94,75,5.55,broken clouds
627,Barcelos,PT,41.5388,-8.6151,53.74,87,100,4.07,overcast clouds
628,Bima,ID,-8.4667,118.7167,80.91,80,100,5.01,light rain
629,Jumla,NP,29.2747,82.1838,40.12,19,0,5.48,clear sky
630,Amapa,BR,1.0,-52.0,72.97,97,100,2.57,overcast clouds
631,Malindi,KE,-3.2175,40.1191,77.05,87,28,4.18,light rain
632,Mananara,MG,-16.1667,49.7667,71.15,93,22,3.94,few clouds
633,Umm Kaddadah,SD,13.6017,26.6876,74.68,20,17,17.43,few clouds
634,Zyryanka,RU,65.75,150.85,-16.74,96,100,9.84,overcast clouds
635,Muravlenko,RU,63.7898,74.523,-18.13,97,11,4.9,few clouds
636,Maltahohe,NA,-24.8333,16.9833,75.45,39,75,7.02,broken clouds
637,Nemuro,JP,43.3236,145.575,27.18,57,24,20.51,few clouds
638,Rio Grande,BR,-32.035,-52.0986,75.31,90,18,16.82,few clouds
639,Naze,JP,28.3667,129.4833,59.92,76,100,19.48,overcast clouds
640,Novyy Urgal,RU,51.0736,132.5642,-15.95,88,52,3.31,broken clouds
641,Kasba,IN,25.85,87.55,62.46,61,45,5.7,scattered clouds
642,Lompoc,US,34.6391,-120.4579,60.01,83,100,10.36,overcast clouds
643,Batman,TR,37.8874,41.1322,51.6,87,40,0.0,scattered clouds
644,Fuerte Olimpo,PY,-21.0415,-57.8738,83.73,37,78,4.23,broken clouds
645,Kodinar,IN,20.7903,70.7031,70.68,39,0,9.86,clear sky
646,Jardim,BR,-21.4803,-56.1381,78.37,54,23,5.19,few clouds
647,Canico,PT,32.6333,-16.85,68.72,78,20,1.14,few clouds
648,Acurenam,GQ,1.0322,10.6488,67.55,98,94,0.54,overcast clouds
649,Cayenne,GF,4.9333,-52.3333,78.84,89,100,0.0,overcast clouds
650,Lamu,KE,-2.2717,40.902,76.84,89,37,6.96,light rain
651,Izumo,JP,35.3667,132.7667,42.75,87,75,9.22,broken clouds
652,Port Macquarie,AU,-31.4333,152.9167,65.89,64,100,9.44,light rain
653,Mount Pleasant,US,32.7941,-79.8626,66.2,89,75,5.75,broken clouds
654,Semey,KZ,50.4111,80.2275,-7.53,87,86,4.32,overcast clouds
655,Olga,RU,43.7444,135.2892,10.0,56,49,11.07,scattered clouds
656,Madisonville,US,37.3281,-87.4989,36.21,52,0,6.35,clear sky
657,Anupgarh,IN,29.1911,73.2086,60.78,26,2,3.6,clear sky
658,Inongo,CD,-1.95,18.2667,68.49,95,96,0.54,overcast clouds
659,Neuquen,AR,-38.9516,-68.0591,78.69,15,0,4.61,clear sky
660,Youkounkoun,GN,12.5333,-13.1333,78.13,35,42,2.77,scattered clouds
661,Bilma,NE,18.6853,12.9164,64.65,32,9,7.31,clear sky
662,Patacamaya,BO,-17.2333,-67.9167,55.63,28,67,11.7,broken clouds
663,Arawa,PG,-6.2132,155.5367,87.21,64,93,4.0,light rain
664,Igrim,RU,63.1906,64.4162,-7.69,99,63,2.77,broken clouds
665,Port Lincoln,AU,-34.7333,135.8667,63.07,67,10,12.3,clear sky
666,Doba,TD,8.65,16.85,72.1,31,92,4.76,overcast clouds
667,Flinders,AU,-34.5833,150.8552,71.19,65,96,4.0,overcast clouds
668,Fez,MA,34.0372,-4.9998,43.05,52,0,5.75,clear sky
669,Shubarshi,KZ,48.5872,57.1869,15.84,41,52,9.48,broken clouds
670,Sao Miguel Do Araguaia,BR,-13.275,-50.1628,73.36,89,51,6.33,broken clouds
671,Merauke,ID,-8.4667,140.3333,81.14,81,100,11.56,overcast clouds
672,Vostok,RU,46.4856,135.8833,-6.43,92,100,12.64,overcast clouds
673,Arica,CL,-18.475,-70.3042,71.15,77,0,9.22,clear sky
674,Sao Jose Do Campestre,BR,-6.3156,-35.7139,74.55,77,99,4.94,overcast clouds
675,Potamia,GR,40.7163,24.7286,49.17,86,100,23.53,overcast clouds
676,Usogorsk,RU,63.4106,48.6872,17.38,98,98,2.82,overcast clouds
677,Atasu,KZ,48.6814,71.6433,13.68,97,99,3.49,overcast clouds
678,Cabedelo,BR,-6.9811,-34.8339,81.27,73,99,10.56,overcast clouds
